question,answer
Hi! How are you doing?,"Hi! I'm doing great, thanks for asking! How can I help you today?"
I'm looking for a new phone.  Something with a great camera.,Excellent choice!  What's your budget range?
"Ideally under $700, but I'm flexible if the features are amazing.",Understood.  Many phones offer excellent cameras in that range.  Do you prioritize a long-lasting battery or a large screen?
"Hmm, that's a tough one.  Maybe a balance between the two?",Sure thing!  Here are a few options that might be a good fit...
"Perfect, thanks! Let me see what they look like.",Sure thing! *Shows images of different phones*
"Oh, the first one looks great!  What's the camera megapixel count?",The first phone boasts a 48MP main camera with excellent low-light performance.
That sounds good!  But is the screen refresh rate high?  I like smooth scrolling.,"Unfortunately, the first phone has a standard 60Hz refresh rate.  However, the second option offers a 120Hz display for smoother visuals."
Interesting!  What about the battery life on the second phone?,"The reviews on the second phone's battery life are mixed.  Some users report a full day on a single charge, while others find it needs a top-up in the afternoon."
"Ugh, that's not ideal.  Maybe there's another option with both a great camera and reliable battery life?",I understand your frustration.  Let me refine the search based on your priorities.
"Great, thanks for listening!","After some searching, here's a phone with a 64MP camera and a battery known for lasting a full day on a single charge.  However, the screen refresh rate is back to 60Hz."
That's actually pretty good!  What's the brand and model?,"The phone is the Nova X7 by SunTech.  It's received positive reviews for its camera and battery life, but some users prefer a higher refresh rate display."
"Interesting, I haven't heard of SunTech before.  Are they a reputable brand?",Absolutely! SunTech is a growing brand known for offering competitive features at affordable prices.  They have a good track record for customer service as well.
"Okay, that's reassuring.  Let me see some user reviews for the Nova X7.",Sure thing!  Here are links to several in-depth reviews...
"Great, thanks again!  I think I'll do some more research on the Nova X7 before making a decision.",Happy to help!  Is there anything else I can assist you with today?
"No, that's all for now.  I appreciate your patience with all my questions!",You're welcome!  It was my pleasure assisting you.  Please let me know if you have any other questions.
